{
	"format_version": "1.12.0",
	"minecraft:geometry": [
		{
			"description": {
				"identifier": "geometry.custom",
				"texture_width": 704,
				"texture_height": 736,
				"visible_bounds_width": 2,
				"visible_bounds_height": 3.5,
				"visible_bounds_offset": [0, 1.25, 0]
			},
			"bones": [
				{
					"name": "root",
					"pivot": [0, 0, 0]
				},
				{
					"name": "waist",
					"parent": "root",
					"pivot": [0, 12, 0]
				},
				{
					"name": "body",
					"parent": "waist",
					"pivot": [0, 24, 0]
				},
				{
					"name": "cape",
					"parent": "body",
					"pivot": [0, 24, 2],
					"rotation": [0, 180, 0]
				},
				{
					"name": "part1",
					"parent": "cape",
					"pivot": [0, 24, 2],
					"cubes": [
						{
							"origin": [-5, 23, 1],
							"size": [10, 1, 1],
							"uv": {
								"north": {"uv": [32, 32], "uv_size": [320, 32]},
								"east": {"uv": [0, 32], "uv_size": [32, 32]},
								"south": {"uv": [384, 32], "uv_size": [320, 32]},
								"west": {"uv": [352, 32], "uv_size": [31, 32]},
								"up": {"uv": [32, 0], "uv_size": [320, 32]},
								"down": {"uv": [704, 96], "uv_size": [-320, -32]}
							}
						}
					]
				},
				{
					"name": "part2",
					"parent": "part1",
					"pivot": [0, 23, 1],
					"cubes": [
						{
							"origin": [-5, 22, 1],
							"size": [10, 1.5, 1],
							"uv": {
								"north": {"uv": [32, 48], "uv_size": [320, 48]},
								"east": {"uv": [0, 48], "uv_size": [32, 48]},
								"south": {"uv": [384, 48], "uv_size": [320, 48]},
								"west": {"uv": [352, 48], "uv_size": [31, 48]},
								"up": {"uv": [32, 16], "uv_size": [320, 32]},
								"down": {"uv": [704, 128], "uv_size": [-320, -32]}
							}
						}
					]
				},
				{
					"name": "part3",
					"parent": "part2",
					"pivot": [0, 22, 1],
					"cubes": [
						{
							"origin": [-5, 21, 1],
							"size": [10, 1.5, 1],
							"uv": {
								"north": {"uv": [32, 80], "uv_size": [320, 48]},
								"east": {"uv": [0, 80], "uv_size": [32, 48]},
								"south": {"uv": [384, 80], "uv_size": [320, 48]},
								"west": {"uv": [352, 80], "uv_size": [31, 48]},
								"up": {"uv": [32, 48], "uv_size": [320, 32]},
								"down": {"uv": [704, 160], "uv_size": [-320, -32]}
							}
						}
					]
				},
				{
					"name": "part4",
					"parent": "part3",
					"pivot": [0, 21, 1],
					"cubes": [
						{
							"origin": [-5, 20, 1],
							"size": [10, 1.5, 1],
							"uv": {
								"north": {"uv": [32, 112], "uv_size": [320, 48]},
								"east": {"uv": [0, 112], "uv_size": [32, 48]},
								"south": {"uv": [384, 112], "uv_size": [320, 48]},
								"west": {"uv": [352, 112], "uv_size": [31, 48]},
								"up": {"uv": [32, 80], "uv_size": [320, 32]},
								"down": {"uv": [704, 192], "uv_size": [-320, -32]}
							}
						}
					]
				},
				{
					"name": "part5",
					"parent": "part4",
					"pivot": [0, 20, 1],
					"cubes": [
						{
							"origin": [-5, 19, 1],
							"size": [10, 1.5, 1],
							"uv": {
								"north": {"uv": [32, 144], "uv_size": [320, 48]},
								"east": {"uv": [0, 144], "uv_size": [32, 48]},
								"south": {"uv": [384, 144], "uv_size": [320, 48]},
								"west": {"uv": [352, 144], "uv_size": [31, 48]},
								"up": {"uv": [32, 112], "uv_size": [320, 32]},
								"down": {"uv": [704, 224], "uv_size": [-320, -32]}
							}
						}
					]
				},
				{
					"name": "part6",
					"parent": "part5",
					"pivot": [0, 19, 1],
					"cubes": [
						{
							"origin": [-5, 18, 1],
							"size": [10, 1.5, 1],
							"uv": {
								"north": {"uv": [32, 176], "uv_size": [320, 48]},
								"east": {"uv": [0, 176], "uv_size": [32, 48]},
								"south": {"uv": [384, 176], "uv_size": [320, 48]},
								"west": {"uv": [352, 176], "uv_size": [31, 48]},
								"up": {"uv": [32, 144], "uv_size": [320, 32]},
								"down": {"uv": [704, 256], "uv_size": [-320, -32]}
							}
						}
					]
				},
				{
					"name": "part7",
					"parent": "part6",
					"pivot": [0, 18, 1],
					"cubes": [
						{
							"origin": [-5, 17, 1],
							"size": [10, 1.5, 1],
							"uv": {
								"north": {"uv": [32, 208], "uv_size": [320, 48]},
								"east": {"uv": [0, 208], "uv_size": [32, 48]},
								"south": {"uv": [384, 208], "uv_size": [320, 48]},
								"west": {"uv": [352, 208], "uv_size": [31, 48]},
								"up": {"uv": [32, 176], "uv_size": [320, 32]},
								"down": {"uv": [704, 288], "uv_size": [-320, -32]}
							}
						}
					]
				},
				{
					"name": "part8",
					"parent": "part7",
					"pivot": [0, 17, 1],
					"cubes": [
						{
							"origin": [-5, 16, 1],
							"size": [10, 1.5, 1],
							"uv": {
								"north": {"uv": [32, 240], "uv_size": [320, 48]},
								"east": {"uv": [0, 240], "uv_size": [32, 48]},
								"south": {"uv": [384, 240], "uv_size": [320, 48]},
								"west": {"uv": [352, 240], "uv_size": [31, 48]},
								"up": {"uv": [32, 208], "uv_size": [320, 32]},
								"down": {"uv": [704, 320], "uv_size": [-320, -32]}
							}
						}
					]
				},
				{
					"name": "part9",
					"parent": "part8",
					"pivot": [0, 16, 1],
					"cubes": [
						{
							"origin": [-5, 15, 1],
							"size": [10, 1.5, 1],
							"uv": {
								"north": {"uv": [32, 272], "uv_size": [320, 48]},
								"east": {"uv": [0, 272], "uv_size": [32, 48]},
								"south": {"uv": [384, 272], "uv_size": [320, 48]},
								"west": {"uv": [352, 272], "uv_size": [31, 48]},
								"up": {"uv": [32, 240], "uv_size": [320, 32]},
								"down": {"uv": [704, 352], "uv_size": [-320, -32]}
							}
						}
					]
				},
				{
					"name": "part10",
					"parent": "part9",
					"pivot": [0, 15, 1],
					"cubes": [
						{
							"origin": [-5, 14, 1],
							"size": [10, 1.5, 1],
							"uv": {
								"north": {"uv": [32, 304], "uv_size": [320, 48]},
								"east": {"uv": [0, 304], "uv_size": [32, 48]},
								"south": {"uv": [384, 304], "uv_size": [320, 48]},
								"west": {"uv": [352, 304], "uv_size": [31, 48]},
								"up": {"uv": [32, 272], "uv_size": [320, 32]},
								"down": {"uv": [704, 384], "uv_size": [-320, -32]}
							}
						}
					]
				},
				{
					"name": "part11",
					"parent": "part10",
					"pivot": [0, 14, 1],
					"cubes": [
						{
							"origin": [-5, 13, 1],
							"size": [10, 1.5, 1],
							"uv": {
								"north": {"uv": [32, 336], "uv_size": [320, 48]},
								"east": {"uv": [0, 336], "uv_size": [32, 48]},
								"south": {"uv": [384, 336], "uv_size": [320, 48]},
								"west": {"uv": [352, 336], "uv_size": [31, 48]},
								"up": {"uv": [32, 304], "uv_size": [320, 32]},
								"down": {"uv": [704, 416], "uv_size": [-320, -32]}
							}
						}
					]
				},
				{
					"name": "part12",
					"parent": "part11",
					"pivot": [0, 13, 1],
					"cubes": [
						{
							"origin": [-5, 12, 1],
							"size": [10, 1.5, 1],
							"uv": {
								"north": {"uv": [32, 368], "uv_size": [320, 48]},
								"east": {"uv": [0, 368], "uv_size": [32, 48]},
								"south": {"uv": [384, 368], "uv_size": [320, 48]},
								"west": {"uv": [352, 368], "uv_size": [31, 48]},
								"up": {"uv": [32, 336], "uv_size": [320, 32]},
								"down": {"uv": [704, 448], "uv_size": [-320, -32]}
							}
						}
					]
				},
				{
					"name": "part13",
					"parent": "part12",
					"pivot": [0, 12, 1],
					"cubes": [
						{
							"origin": [-5, 11, 1],
							"size": [10, 1.5, 1],
							"uv": {
								"north": {"uv": [32, 400], "uv_size": [320, 48]},
								"east": {"uv": [0, 400], "uv_size": [32, 48]},
								"south": {"uv": [384, 400], "uv_size": [320, 48]},
								"west": {"uv": [352, 400], "uv_size": [31, 48]},
								"up": {"uv": [32, 368], "uv_size": [320, 32]},
								"down": {"uv": [704, 480], "uv_size": [-320, -32]}
							}
						}
					]
				},
				{
					"name": "part14",
					"parent": "part13",
					"pivot": [0, 11, 1],
					"cubes": [
						{
							"origin": [-5, 10, 1],
							"size": [10, 1.5, 1],
							"uv": {
								"north": {"uv": [32, 432], "uv_size": [320, 48]},
								"east": {"uv": [0, 432], "uv_size": [32, 48]},
								"south": {"uv": [384, 432], "uv_size": [320, 48]},
								"west": {"uv": [352, 432], "uv_size": [31, 48]},
								"up": {"uv": [32, 384], "uv_size": [320, 32]},
								"down": {"uv": [704, 512], "uv_size": [-320, -32]}
							}
						}
					]
				},
				{
					"name": "part15",
					"parent": "part14",
					"pivot": [0, 10, 1],
					"cubes": [
						{
							"origin": [-5, 9, 1],
							"size": [10, 1.5, 1],
							"uv": {
								"north": {"uv": [32, 464], "uv_size": [320, 48]},
								"east": {"uv": [0, 464], "uv_size": [32, 48]},
								"south": {"uv": [384, 464], "uv_size": [320, 48]},
								"west": {"uv": [352, 464], "uv_size": [31, 48]},
								"up": {"uv": [32, 416], "uv_size": [320, 32]},
								"down": {"uv": [704, 544], "uv_size": [-320, -32]}
							}
						}
					]
				},
				{
					"name": "part16",
					"parent": "part15",
					"pivot": [0, 9, 1],
					"cubes": [
						{
							"origin": [-5, 8, 1],
							"size": [10, 1.5, 1],
							"uv": {
								"north": {"uv": [32, 496], "uv_size": [320, 48]},
								"east": {"uv": [0, 496], "uv_size": [32, 48]},
								"south": {"uv": [384, 496], "uv_size": [320, 48]},
								"west": {"uv": [352, 496], "uv_size": [31, 48]},
								"up": {"uv": [32, 448], "uv_size": [320, 32]},
								"down": {"uv": [672, 32], "uv_size": [-320, -32]}
							}
						}
					]
				}
			]
		}
	]
}