{
  "format_version": "1.8.0",
  "render_controllers": {
    "controller.render.custom": {
      "arrays": {
        "textures": {
          "array.frames": [
            "texture.frameb1",
            "texture.frameb2",
            "texture.frameb3",
            "texture.frameb4",
            "texture.frameb5",
            "texture.frameb6",
            "texture.frameb7",
            "texture.frameb8",
            "texture.frameb9",
            "texture.frameb10",
            "texture.frameb11",
            "texture.frameb12",
            "texture.frameb13",
            "texture.frameb14",
            "texture.frameb15",
            "texture.frameb16",
            "texture.frameb17",
            "texture.frameb18",
            "texture.frameb19",
            "texture.frameb20",
            "texture.frameb21",
            "texture.frameb22",
            "texture.frameb23",
            "texture.frameb24",
            "texture.frameb25",
            "texture.frameb26",
            "texture.frameb27",
            "texture.frameb28",
            "texture.frameb29",
            "texture.frameb30",
            "texture.frameb31",
            "texture.frameb32",
            "texture.frameb33",
            "texture.frameb34",
            "texture.frameb35",
            "texture.frameb36",
            "texture.frameb37",
            "texture.frameb38",
            "texture.frameb39",
            "texture.frameb40",
            "texture.frameb41",
            "texture.frameb42",
            "texture.frameb43",
            "texture.frameb44",
            "texture.frameb45",
            "texture.frameb46",
            "texture.frameb47",
            "texture.frameb48",
            "texture.frameb49"
          ]
        }
      },
      "geometry": "geometry.custom",
      "materials": [
        {
          "*": "material.cape"
        }
      ],
      "textures": [
        "array.frames[(query.anim_time * 14 )]"
      ]
    }
  }
}
