{
	"format_version": "1.8.0",
	"animations": {
		"animation.kagune": {
			"loop": true,
			"animation_length": 3.12,
			"bones": {
				"1": {
					"rotation": {
						"0.0": [0, -2.18, 0],
						"0.68": [0, 0, 0],
						"2.24": [0, -5, 0],
						"3.12": [0, -2.18, 0]
					}
				},
				"2": {
					"rotation": {
						"0.0": [0, 0, 0],
						"1.56": [0, -7.5, 0],
						"3.12": [0, 0, 0]
					}
				},
				"3": {
					"rotation": {
						"0.0": [0, 1.67, 0],
						"0.52": [0, 0, 0],
						"2.08": [0, 5, 0],
						"3.12": [0, 1.67, 0]
					}
				},
				"4": {
					"rotation": {
						"0.0": [0, 3.33, 0],
						"1.04": [0, 0, 0],
						"2.6": [0, 5, 0],
						"3.12": [0, 3.33, 0]
					}
				},
				"kagune2": {
					"rotation": {
						"0.0": [0, -13.08, 0],
						"0.68": [0, 0, 0],
						"2.24": [0, -30, 0],
						"3.12": [0, -13.08, 0]
					}
				},
				"kagune3": {
					"rotation": {
						"0.0": [0, 0, 0],
						"1.56": [0, -25, 0],
						"3.12": [0, 0, 0]
					}
				},
				"kagune4": {
					"rotation": {
						"0.0": [0, 5, 0],
						"0.52": [0, 0, 0],
						"2.08": [0, 15, 0],
						"3.12": [0, 5, 0]
					}
				},
				"kagune5": {
					"rotation": {
						"0.0": [0, -10, 0],
						"1.04": [0, -30, 0],
						"2.6": [0, 0, 0],
						"3.12": [0, -10, 0]
					}
				}
			}
		}
	}
}