{
	"format_version": "1.10.0",
	"geometry.kagune": {
		"texturewidth": 128,
		"textureheight": 128,
		"visible_bounds_width": 7,
		"visible_bounds_height": 6252,
		"visible_bounds_offset": [0, 3126, 0],
		"bones": [
			{
				"name": "root",
				"pivot": [0, 0, 0]
			},
			{
				"name": "waist",
				"parent": "root",
				"pivot": [0, 12, 0]
			},
			{
				"name": "body",
				"parent": "waist",
				"pivot": [0, 24, 0]
			},
			{
				"name": "kagune",
				"parent": "body",
				"pivot": [0, 0, 0]
			},
			{
				"name": "1",
				"parent": "kagune",
				"pivot": [0, 18, 1],
				"rotation": [30, 30, -20],
				"cubes": [
					{"origin": [-1, 17, 1], "size": [2, 2, 10], "uv": [104, 0]}
				]
			},
			{
				"name": "kagune2",
				"parent": "1",
				"pivot": [-1, 18, 11],
				"rotation": [0, 40, 0],
				"cubes": [
					{"origin": [-1, 17, 11], "size": [2, 2, 10], "uv": [104, 0]}
				]
			},
			{
				"name": "2",
				"parent": "kagune",
				"pivot": [0, 18, 1],
				"rotation": [25, -25, 10],
				"cubes": [
					{"origin": [-1, 17, 1], "size": [2, 2, 10], "uv": [104, 0]}
				]
			},
			{
				"name": "kagune3",
				"parent": "2",
				"pivot": [1, 18, 11],
				"rotation": [0, -35, 0],
				"cubes": [
					{"origin": [-1, 17, 11], "size": [2, 2, 10], "uv": [104, 0]}
				]
			},
			{
				"name": "3",
				"parent": "kagune",
				"pivot": [0, 18, 1],
				"rotation": [-10, 20, 15],
				"cubes": [
					{"origin": [-1, 17, 1], "size": [2, 2, 10], "uv": [104, 0]}
				]
			},
			{
				"name": "kagune4",
				"parent": "3",
				"pivot": [-1, 18, 11],
				"rotation": [0, 35, 0],
				"cubes": [
					{"origin": [-1, 17, 11], "size": [2, 2, 10], "uv": [104, 0]}
				]
			},
			{
				"name": "4",
				"parent": "kagune",
				"pivot": [0, 18, 1],
				"rotation": [-25, -25, 0],
				"cubes": [
					{"origin": [-1, 17, 1], "size": [2, 2, 10], "uv": [104, 0]}
				]
			},
			{
				"name": "kagune5",
				"parent": "4",
				"pivot": [1, 18, 11],
				"rotation": [0, -27.5, 0],
				"cubes": [
					{"origin": [-1, 17, 11], "size": [2, 2, 10], "uv": [104, 0]}
				]
			}
		]
	}
}